benchmark,concurrency,batch_size,original_mean_ms,original_ci95_low_ms,original_ci95_high_ms,shared_mean_ms,shared_ci95_low_ms,shared_ci95_high_ms,latency_change_pct,original_items_per_second,shared_items_per_second
image_decode_jpeg_3840x2160_batch_100/image_reader/c1,1,100,8935.7129659,8913.2481661,8963.407161567498,9157.979382,9084.707884020001,9262.069757,2.4873943125546027,11.191048815199723,10.919439303013709
image_decode_jpeg_3840x2160_batch_100/image_reader/c8,8,100,1359.1788965,1343.0536808975,1376.3213203575,1369.1439606,1360.7094049925001,1377.5933076,0.7331679535093505,73.57383215521402,73.03833846382159
image_decode_jpeg_3840x2160_batch_100/image_reader/c32,32,100,879.0244663,868.01644116,890.8693707274999,888.3126384,875.8645563525001,903.3050129,1.0566454582425777,113.76247628342038,112.57297901346621
image_decode_jpeg_3840x2160_batch_100/libjpeg_turbo/c1,1,100,8035.2461371,7953.798075275001,8120.3563235,7747.919058,7709.0541447,7789.91583435,-3.5758341959602924,12.445169481278764,12.906691364663454
image_decode_jpeg_3840x2160_batch_100/libjpeg_turbo/c8,8,100,1167.2429912,1156.7202799000002,1177.28220248,1158.4360835,1148.230313115,1167.7105618,-0.7545050830372491,85.67196441007852,86.32327792990402
image_decode_jpeg_3840x2160_batch_100/libjpeg_turbo/c32,32,100,683.0207233,671.345884,695.2864643925001,684.8675979,678.1855387999999,691.1603375,0.27039803288499975,146.4084420701793,146.01362410286106
video_decode_concurrent/ffmpeg_next/c1,1,1,66.47362206,65.945583,67.00711578,65.45283971999999,65.05086333999999,65.94099249999998,-1.5356201578404116,15.043561175249128,15.27817592449601
video_decode_concurrent/ffmpeg_next/c8,8,8,75.252880425,74.5560936,76.12786047499999,76.0459835,75.35615697499999,76.925845438125,1.0539172328299706,106.30822308487072,105.1995073480771
video_decode_concurrent/ffmpeg_next/c32,32,32,162.48241735,160.74011105625002,164.2051725,162.6467609,160.6265238,164.8297692,0.1011454363372799,196.9443864874897,196.74538750682245
